_id,product_name,cost,currency,category,stock
1,"Appetizer - Mini Egg Roll, Shrimp",847,Dinar,a,99
2,Bread Base - Italian,670,Dollar,b,94
3,Ham - Black Forest,642,Krona,c,82
4,Tia Maria,116,Real,c,27
5,Clementine,685,Hryvnia,a,94
6,Sun - Dried Tomatoes,274,Yuan Renminbi,a,89
7,Bread - Calabrese Baguette,207,Ruble,a,40
8,"Nut - Cashews, Whole, Raw",406,Krona,a,34
9,"Stock - Chicken, White",418,Franc,a,97
10,Wine - Vovray Sec Domaine Huet,846,Yuan Renminbi,c,17
11,"Pasta - Orzo, Dry",884,Pound,b,67
12,Snapple - Mango Maddness,431,Peso,c,49
13,Spinach - Frozen,542,Yuan Renminbi,c,32
14,Egg Patty Fried,307,Shilling,c,94
15,Sauce - Roasted Red Pepper,750,Peso,b,2
16,Bread Foccacia Whole,674,Yuan Renminbi,b,18
17,Wine - Jaboulet Cotes Du Rhone,801,Ruble,d,11
18,"Trout - Rainbow, Frozen",465,Peso,d,75
19,Sambuca - Ramazzotti,903,Euro,a,6
20,Cheese - Stilton,257,Baht,a,14
21,Lamb Leg - Bone - In Nz,106,Yuan Renminbi,b,91
22,Longos - Greek Salad,277,Real,a,80
23,Lid Coffeecup 12oz D9542b,646,Yuan Renminbi,c,25
24,Curry Paste - Green Masala,180,Dinar,b,2
25,Beef - Rib Eye Aaa,885,Dollar,c,5
26,Pur Source,861,Kuna,c,85
27,Gatorade - Orange,122,Rand,c,87
28,"Melon - Watermelon, Seedless",560,Zloty,d,41
29,Wine - Shiraz Wolf Blass Premium,475,Zloty,c,72
30,Sauce Tomato Pouch,352,Forint,b,23
31,Numi - Assorted Teas,989,Yuan Renminbi,a,67
32,Soup - Campbells Asian Noodle,254,Yuan Renminbi,c,96
33,Tomato - Peeled Italian Canned,109,Yuan Renminbi,b,58
34,Muffins - Assorted,292,Peso,c,39
35,Bread - Corn Muffaletta,835,Yen,a,47
36,Sugar Thermometer,101,Euro,b,73
37,"Schnappes - Peach, Walkers",123,Ruble,c,65
38,"Wine - Red, Lurton Merlot De",212,Peso,b,2
39,Flour - Teff,998,Rupee,d,91
40,Calypso - Black Cherry Lemonade,662,Rupiah,d,85
41,"Rum - Coconut, Malibu",246,Yuan Renminbi,c,69
42,Bread - Rye,411,Yuan Renminbi,b,74
43,Absolut Citron,890,Shekel,c,37
44,"Veal - Inside Round / Top, Lean",637,Yuan Renminbi,d,51
45,Nutmeg - Ground,934,Yuan Renminbi,b,13
46,Crab Brie In Phyllo,794,Shekel,c,26
47,Water - Perrier,481,Peso,a,74
48,Flower - Potmums,370,Yuan Renminbi,d,67
49,"Beef - Rib Roast, Cap On",511,Yuan Renminbi,b,86
50,Longos - Burritos,558,Yuan Renminbi,a,65
51,"Yogurt - Cherry, 175 Gr",973,Yen,a,84
52,Milk 2% 500 Ml,422,Rial,d,46
53,"Wine - Red, Marechal Foch",801,Krona,c,50
54,Ginsing - Fresh,198,Shilling,c,73
55,Clams - Canned,663,Yuan Renminbi,a,75
56,Quail - Jumbo Boneless,161,Rupiah,a,75
57,Chinese Foods - Chicken,248,Euro,c,36
58,Mix - Cocktail Strawberry Daiquiri,323,Rupiah,c,57
59,"Sprite, Diet - 355ml",198,Zloty,c,0
60,Paper Cocktail Umberlla 80 - 180,796,Rupiah,b,0
61,Beer - Mill St Organic,987,Rupiah,b,43
62,Beer - Camerons Auburn,510,Rupiah,a,35
63,"Chilli Paste, Sambal Oelek",614,Yuan Renminbi,a,66
64,Melon - Cantaloupe,757,Real,d,28
65,Dried Cherries,914,Franc,c,91
66,Compound - Orange,352,Yuan Renminbi,d,58
67,"Pasta - Canelloni, Single Serve",740,Euro,b,38
68,"Stock - Chicken, White",740,Peso,b,43
69,Marjoram - Fresh,102,Euro,c,6
70,"Ecolab - Orange Frc, Cleaner",976,Real,d,91
71,Cherries - Frozen,438,Hryvnia,b,2
72,"Beans - Turtle, Black, Dry",752,Yuan Renminbi,b,0
73,Chevere Logs,346,Rupiah,a,49
74,Lettuce - Belgian Endive,845,Yuan Renminbi,c,2
75,Cheese - Stilton,295,Dollar,c,19
76,Onions - Vidalia,866,Yuan Renminbi,c,33
77,Latex Rubber Gloves Size 9,261,Ruble,d,80
78,Anchovy Paste - 56 G Tube,288,Hryvnia,a,26
79,Rice - 7 Grain Blend,451,Peso,c,78
80,"Tortillas - Flour, 8",445,Yuan Renminbi,b,68
81,Heavy Duty Dust Pan,340,Krona,c,78
82,Tuna - Sushi Grade,346,Pound,b,50
83,Bagels Poppyseed,842,Euro,b,61
84,Chicken Giblets,935,Rupiah,d,53
85,Liqueur - Melon,1000,Peso,b,89
86,Apples - Spartan,713,Euro,c,14
87,Garam Marsala,131,Peso,d,28
88,Seaweed Green Sheets,899,Zloty,a,15
89,Tea - Decaf 1 Cup,683,Rupiah,d,2
90,Crawfish,113,Rupiah,c,30
91,Wine - Domaine Boyar Royal,486,Franc,c,46
92,Straw - Regular,732,Ruble,a,96
93,Isomalt,507,Peso,a,86
94,Lettuce - Treviso,965,Rupiah,b,88
95,Macaroons - Homestyle Two Bit,207,Rupiah,d,73
96,Beef - Striploin Aa,748,Real,a,50
97,Garlic - Elephant,511,Zloty,a,88
98,Bread Foccacia Whole,271,Euro,d,90
99,General Purpose Trigger,214,Yuan Renminbi,c,23
100,Carrots - Mini Red Organic,513,Peso,d,13
101,Green Tea Refresher,541,Ruble,d,4
102,Veal - Kidney,250,Yuan Renminbi,d,42
103,Cheese - Wine,692,Baht,a,63
104,Lamb - Ground,982,Euro,b,97
105,Coffee Caramel Biscotti,808,Zloty,b,94
106,Soap - Pine Sol Floor Cleaner,745,Ruble,a,44
107,"Sparkling Wine - Rose, Freixenet",678,Ruble,c,93
108,Chocolate Bar - Oh Henry,591,Ruble,a,70
109,Galliano,305,Peso,a,80
110,Cheese - Oka,940,Peso,a,20
111,Dikon,335,Dinar,a,17
112,Flour - Chickpea,699,Yuan Renminbi,c,57
113,Wine - Segura Viudas Aria Brut,946,Pula,a,78
114,Peas - Frozen,938,Euro,d,16
115,Cookie Dough - Oatmeal Rasin,444,Hryvnia,b,23
116,Cheese - Gouda,796,Baht,c,71
117,Mayonnaise,191,Dollar,b,48
118,Juice - Apple Cider,764,Marka,b,14
119,"Bag - Bread, White, Plain",834,Euro,c,87
120,Vodka - Smirnoff,456,Euro,c,84
121,Gelatine Leaves - Envelopes,806,Yuan Renminbi,c,60
122,Oven Mitt - 13 Inch,204,Zloty,b,80
123,Cheese - St. Andre,613,Euro,c,90
124,Lotus Rootlets - Canned,345,Krona,c,37
125,Mini - Vol Au Vents,684,Euro,c,95
126,Beans - Green,266,Euro,b,94
127,Glove - Cutting,200,Yuan Renminbi,b,28
128,Chocolate Eclairs,559,Kwacha,a,79
129,Wine - Vidal Icewine Magnotta,531,Peso,c,44
130,Salmon Atl.whole 8 - 10 Lb,402,Rupee,a,37
131,Wine - Magnotta - Bel Paese White,487,Somoni,a,68
132,Chervil - Fresh,450,Peso,d,85
133,Shichimi Togarashi Peppeers,727,Dollar,c,61
134,Muffin Hinge 117n,512,Zloty,b,99
135,"Tart Shells - Sweet, 3",391,Dollar,b,17
136,"Pork - Bacon, Double Smoked",513,Krona,d,52
137,Tomatoes,968,Lek,b,91
138,Jello - Assorted,566,Euro,b,53
139,"Cheese - Cheddar, Mild",758,Peso,d,59
140,"Quail - Eggs, Fresh",852,Peso,b,51
141,Vinegar - Champagne,182,Ruble,b,57
142,Oil - Margarine,895,Lek,a,7
143,Pineapple - Golden,676,Ruble,d,86
144,Ginger - Ground,660,Yuan Renminbi,c,16
145,"Pepper - Green, Chili",463,Yuan Renminbi,b,52
146,Butcher Twine 4r,499,Kyat,a,37
147,"Wine - Red, Colio Cabernet",524,Real,a,77
148,"Beef - Rib Roast, Capless",226,Real,a,92
149,Wine - Pinot Noir Latour,496,Yen,d,4
150,Veal - Inside,756,Ruble,a,49
151,"Wine - White, Ej Gallo",729,Tugrik,c,49
152,"Pepper - White, Ground",775,Ruble,d,15
153,Wine - Rhine Riesling Wolf Blass,512,Euro,a,46
154,Kippers - Smoked,399,Peso,a,51
155,Pie Shell - 5,329,Baht,d,96
156,Puree - Raspberry,945,Rupiah,d,4
157,"Iced Tea - Lemon, 340ml",390,Rupiah,c,71
158,The Pop Shoppe - Root Beer,738,Ruble,c,62
159,Bag - Regular Kraft 20 Lb,281,Pound,b,74
160,Soap - Hand Soap,702,Tugrik,a,98
161,Chicken - Base,924,Zloty,b,5
162,Shrimp - Black Tiger 26/30,364,Euro,c,53
163,"Beef - Rib Roast, Capless",400,Euro,c,80
164,Shichimi Togarashi Peppeers,436,Yuan Renminbi,d,70
165,Rabbit - Legs,928,Rupiah,a,15
166,Wine - Shiraz South Eastern,129,Peso,b,70
167,"Brandy - Orange, Mc Guiness",513,Yuan Renminbi,a,94
168,Capicola - Hot,131,Real,a,14
169,Anisette - Mcguiness,746,Yuan Renminbi,c,22
170,Leeks - Large,890,Yuan Renminbi,b,8
171,"Tortillas - Flour, 10",844,Euro,c,49
172,Island Oasis - Wildberry,523,Peso,a,35
173,Shrimp - Tiger 21/25,472,Real,b,71
174,Lobak,732,Yuan Renminbi,c,24
175,Cake - Mini Potato Pancake,626,Yuan Renminbi,a,37
176,Molasses - Fancy,728,Euro,b,53
177,Tomato - Tricolor Cherry,306,Koruna,d,46
178,Broccoli - Fresh,580,Yuan Renminbi,b,57
179,Ginger - Crystalized,300,Ruble,c,11
180,Beer - Mill St Organic,664,Shilling,b,26
181,Snails - Large Canned,676,Rupee,d,67
182,Oil - Safflower,474,Quetzal,c,45
183,"Veal - Inside Round / Top, Lean",576,Yuan Renminbi,b,5
184,Crackers - Melba Toast,483,Yuan Renminbi,d,67
185,"Lemonade - Island Tea, 591 Ml",709,Rand,a,89
186,Ice Cream - Turtles Stick Bar,656,Naira,d,55
187,Longos - Penne With Pesto,978,Baht,d,54
188,Water Chestnut - Canned,891,Rupiah,a,67
189,Turnip - Mini,968,Lari,b,18
190,Halibut - Fletches,366,Franc,d,46
191,Jolt Cola - Red Eye,173,Euro,c,29
192,Olives - Stuffed,873,Tala,b,46
193,Chervil - Fresh,383,Euro,d,43
194,"Shrimp - 16/20, Iqf, Shell On",802,Tenge,a,1
195,Almonds Ground Blanched,545,Ruble,a,96
196,Squash - Acorn,588,Franc,b,51
197,Pepper - Chilli Seeds Mild,473,Rupiah,a,80
198,Beer - Creemore,260,Rupiah,c,38
199,Cream - 35%,771,Koruna,c,10
200,Pastry - Mini French Pastries,799,Boliviano,d,31
201,Sauce - Fish 25 Ozf Bottle,616,Yuan Renminbi,d,23
202,Longos - Burritos,298,Yuan Renminbi,b,98
203,Cheese - Comte,523,Euro,a,26
204,Kirsch - Schloss,149,Yuan Renminbi,d,97
205,Wine - White Cab Sauv.on,324,Yuan Renminbi,d,61
206,Steampan Lid,825,Real,c,23
207,"Zucchini - Mini, Green",961,Euro,a,70
208,Green Scrubbie Pad H.duty,312,Euro,d,50
209,"Pork - Loin, Boneless",405,Yuan Renminbi,d,38
210,Gatorade - Cool Blue Raspberry,250,Sol,c,39
211,Walkers Special Old Whiskey,320,Peso,a,82
212,Pastry - Raisin Muffin - Mini,521,Ruble,b,81
213,Crab - Meat,898,Leu,c,60
214,Tea - Apple Green Tea,568,Peso,c,65
215,Wine La Vielle Ferme Cote Du,943,Yuan Renminbi,a,3
216,Coffee Cup 16oz Foam,919,Rupiah,d,75
217,Sorrel - Fresh,949,Rupiah,b,73
218,"Pasta - Tortellini, Fresh",660,Ruble,d,9
219,Appetizer - Mushroom Tart,741,Krona,b,16
220,Sun - Dried Tomatoes,806,Zloty,d,40
221,Veal - Heart,797,Dollar,a,78
222,Steel Wool,865,Yuan Renminbi,d,72
223,"Seedlings - Buckwheat, Organic",255,Lempira,d,81
224,Syrup - Monin - Passion Fruit,318,Rupiah,c,82
225,Fib N9 - Prague Powder,685,Peso,c,96
226,Sauce - Rosee,808,Lempira,d,39
227,Venison - Striploin,371,Dollar,c,35
228,"Appetizer - Spring Roll, Veg",878,Rupiah,b,54
229,Beer - Upper Canada Lager,180,Naira,c,36
230,Lettuce - Boston Bib - Organic,972,Marka,a,37
231,Tomato - Plum With Basil,766,Rupiah,c,62
232,Beer - Maudite,730,Yuan Renminbi,c,42
233,Kale - Red,608,Yuan Renminbi,b,68
234,Coffee Cup 12oz 5342cd,385,Hryvnia,a,43
235,Clams - Bay,308,Shekel,c,83
236,Muffins - Assorted,443,Yen,d,76
237,Apple - Fuji,425,Hryvnia,d,94
238,"Cheese - Havarti, Roasted Garlic",725,Yuan Renminbi,c,31
239,"Coke - Diet, 355 Ml",233,Rupiah,d,65
240,Tart - Pecan Butter Squares,544,Afghani,d,48
241,Mahi Mahi,408,Ruble,d,49
242,Wine - Magnotta - Pinot Gris Sr,462,Rupiah,a,10
243,Tea - Vanilla Chai,570,Ringgit,a,61
244,Onions - Pearl,619,Euro,b,58
245,Squid Ink,583,Ruble,a,35
246,Eggplant Oriental,666,Rupiah,a,82
247,Tea Leaves - Oolong,575,Bolivar,a,47
248,Wine - Penfolds Koonuga Hill,488,Yuan Renminbi,d,18
249,"Red Snapper - Fillet, Skin On",970,Yuan Renminbi,b,42
250,"Crush - Grape, 355 Ml",493,Yuan Renminbi,c,26
251,Syrup - Monin - Passion Fruit,423,Zloty,d,76
252,Capers - Pickled,887,Yuan Renminbi,a,56
253,Juice - Happy Planet,358,Somoni,d,99
254,Eggs - Extra Large,983,Peso,c,18
255,Beef - Short Ribs,803,Marka,b,58
256,"Beans - Black Bean, Preserved",582,Yen,c,16
257,Bacardi Mojito,408,Rupiah,d,10
258,Cup - Paper 10oz 92959,784,Rupiah,a,4
259,Pail With Metal Handle 16l White,249,Euro,b,17
260,Pie Shell - 9,890,Dollar,a,55
261,Island Oasis - Pina Colada,776,Euro,d,96
262,Cheese - Cottage Cheese,924,Rupiah,d,37
263,Curry Paste - Madras,462,Peso,a,41
264,Salmon - Canned,370,Euro,c,41
265,Fruit Salad Deluxe,525,Tenge,d,58
266,Tomato - Tricolor Cherry,143,Ruble,a,28
267,Lotus Rootlets - Canned,655,Manat,d,44
268,Whmis Spray Bottle Graduated,924,Rupiah,b,9
269,Beer - Moosehead,451,Euro,b,40
270,Pike - Frozen Fillet,410,Ruble,d,14
271,Sour Cream,614,Euro,c,97
272,Cheese - Bocconcini,376,Pound,b,29
273,Curry Powder,860,Sol,d,92
274,Pastry - Carrot Muffin - Mini,583,Euro,c,20
275,"Lamb - Shoulder, Boneless",208,Krona,d,64
276,Nantucket - Pomegranate Pear,911,Boliviano,c,77
277,Tomatoes - Roma,314,Real,d,76
278,Rappini - Andy Boy,659,Pound,d,63
279,Boogies,542,Franc,b,27
280,"Chilli Paste, Sambal Oelek",981,Ruble,b,83
281,Oregano - Fresh,241,Yen,a,87
282,Lettuce - Treviso,191,Yuan Renminbi,a,49
283,Bagel - 12 Grain Preslice,511,Zloty,d,74
284,Oats Large Flake,431,Zloty,d,53
285,Table Cloth 72x144 White,959,Colon,c,97
286,Veal - Eye Of Round,557,Yuan Renminbi,a,21
287,Hummus - Spread,984,Shilling,a,30
288,Cheese - La Sauvagine,867,Peso,b,0
289,Monkfish - Fresh,555,Euro,d,63
290,Vegetable - Base,484,Real,d,98
291,"Soup - Campbells, Beef Barley",388,Yuan Renminbi,a,78
292,"Rum - Coconut, Malibu",554,Rupiah,d,52
293,Eggplant - Asian,820,Euro,a,35
294,Beer - Sleeman Fine Porter,737,Yuan Renminbi,c,67
295,Grapefruit - White,767,Dram,b,8
296,Sauce Bbq Smokey,815,Peso,d,22
297,Cloves - Ground,140,Yuan Renminbi,c,48
298,Lettuce - Red Leaf,924,Franc,b,48
299,Bagel - Everything,468,Euro,c,42
300,Carbonated Water - Peach,273,Sol,d,13
301,"Mop Head - Cotton, 24 Oz",984,Zloty,d,28
302,Miso - Soy Bean Paste,813,Yuan Renminbi,a,35
303,Lamb Tenderloin Nz Fr,811,Dollar,c,30
304,"Water - Mineral, Carbonated",120,Ruble,a,39
305,Pomegranates,326,Ruble,a,56
306,Mints - Striped Red,731,Ruble,b,83
307,Squash - Butternut,786,Rupiah,c,67
308,Cheese - Oka,358,Real,d,32
309,Venison - Striploin,972,Peso,b,96
310,Pastry - Key Limepoppy Seed Tea,857,Sol,d,8
311,"Schnappes - Peach, Walkers",425,Yuan Renminbi,a,95
312,Maple Syrup,137,Koruna,c,85
313,Soup - Base Broth Chix,993,Zloty,c,30
314,Dasheen,816,Real,a,73
315,Salt - Table,130,Yen,a,25
316,"Tendrils - Baby Pea, Organic",998,Yuan Renminbi,a,19
317,Jagermeister,322,Rupiah,a,97
318,Cheese - Provolone,127,Rupiah,b,29
319,Fuji Apples,384,Lev,b,92
320,"Jam - Strawberry, 20 Ml Jar",1000,Real,b,18
321,"Beef - Ox Tongue, Pickled",392,Hryvnia,b,2
322,Veal - Insides Provini,480,Rupiah,d,1
323,Sauce - Alfredo,162,Zloty,c,56
324,"Wine - White, Antinore Orvieto",744,Euro,a,93
325,Lid - 3oz Med Rec,961,Franc,b,34
326,Muffin Mix - Corn Harvest,748,Ruble,c,76
327,Cotton Wet Mop 16 Oz,967,Peso,c,48
328,Cheese - Gouda Smoked,150,Peso,d,65
329,Broom - Angled,926,Franc,b,10
330,Cheese - Pont Couvert,792,Dollar,a,24
331,"Beef - Outside, Round",821,Peso,b,64
332,Shrimp - 100 / 200 Cold Water,297,Peso,c,27
333,Food Colouring - Orange,747,Rupiah,a,39
334,Spice - Onion Powder Granulated,825,Yuan Renminbi,d,69
335,Sugar - Invert,355,Rupiah,b,40
336,Cake - Dulce De Leche,473,Yuan Renminbi,a,42
337,Nantucket Orange Juice,658,Rupiah,d,44
338,"Coffee - Beans, Whole",100,Peso,b,3
339,Soup Bowl Clear 8oz92008,630,Yen,c,100
340,Bouillion - Fish,368,Peso,b,63
341,Bay Leaf,732,Yuan Renminbi,c,95
342,Lumpfish Black,389,Yuan Renminbi,d,46
343,Bar Mix - Lime,503,Bolivar,a,94
344,Chocolate - Sugar Free Semi Choc,530,Rupiah,a,46
345,Mix Pina Colada,738,Peso,c,20
346,Pate - Liver,758,Yuan Renminbi,c,97
347,"Pasta - Rotini, Dry",605,Peso,c,58
348,Laundry - Bag Cloth,683,Euro,b,23
349,Cinnamon - Stick,386,Rupiah,d,93
350,"Pasta - Bauletti, Chicken White",819,Euro,a,65
351,Apple - Northern Spy,992,Dalasi,b,58
352,Peach - Fresh,763,Quetzal,b,15
353,Samosa - Veg,166,Dollar,d,50
354,Cucumber - Pickling Ontario,410,Yuan Renminbi,d,57
355,Cornflakes,141,Ruble,b,43
356,"Mustard - Dry, Powder",630,Rand,d,93
357,"Pepper - Black, Whole",159,Yuan Renminbi,b,35
358,Magnotta Bel Paese Red,772,Ringgit,b,56
359,Beef - Sushi Flat Iron Steak,938,Peso,a,0
360,"Bread - Multigrain, Loaf",113,Yuan Renminbi,b,94
361,Pie Filling - Cherry,171,Yuan Renminbi,c,66
362,Water - Aquafina Vitamin,512,Yuan Renminbi,a,27
363,Beef - Top Sirloin - Aaa,930,Krona,b,50
364,Tea - Grapefruit Green Tea,238,Peso,d,30
365,Cheese - Ricotta,994,Rupiah,d,0
366,"Sole - Dover, Whole, Fresh",462,Yuan Renminbi,d,63
367,Venison - Striploin,500,Loti,c,73
368,Mushroom - Porcini Frozen,886,Bolivar,d,36
369,Vacuum Bags 12x16,955,Euro,c,39
370,Roe - Flying Fish,853,Ruble,d,25
371,V8 Splash Strawberry Banana,285,Yuan Renminbi,a,2
372,Tea - Herbal I Love Lemon,576,Yuan Renminbi,a,84
373,Duck - Whole,400,Manat,c,36
374,Shark - Loin,271,Sol,b,63
375,Cake - Mini Potato Pancake,184,Peso,c,65
376,Bread - Rosemary Focaccia,243,Lek,a,66
377,Boogies,862,Euro,a,75
378,Cheese - Valancey,567,Peso,b,69
379,Sword Pick Asst,177,Krona,c,17
380,"Soup - Canadian Pea, Dry Mix",314,Ruble,a,15
381,"Split Peas - Yellow, Dry",765,Yuan Renminbi,a,74
382,"Wine - White, Pinot Grigio",466,Euro,c,76
383,Fennel - Seeds,387,Dollar,d,88
384,Towel Dispenser,427,Peso,a,81
385,Passion Fruit,755,Dollar,a,95
386,Wine - Vouvray Cuvee Domaine,740,Rupiah,c,20
387,"Sugar - Sweet N Low, Individual",988,Yuan Renminbi,d,69
388,Cabbage - Red,694,Dollar,a,1
389,Chicken - Whole Roasting,536,Ruble,d,2
390,Stainless Steel Cleaner Vision,103,Real,d,90
391,Beer - Molson Excel,407,Koruna,c,78
392,Coffee - Ristretto Coffee Capsule,229,Ruble,c,77
393,Lamb Leg - Bone - In Nz,827,Ruble,c,12
394,Basil - Fresh,613,Peso,d,97
395,Pomegranates,396,Sol,a,100
396,"Pasta - Canelloni, Single Serve",591,Peso,c,80
397,"Bread - Rolls, Rye",407,Peso,d,52
398,Wine - Maipo Valle Cabernet,277,Dinar,a,61
399,Table Cloth 90x90 White,760,Yuan Renminbi,b,46
400,Wine - Sauvignon Blanc Oyster,300,Rupiah,d,30
401,"Fish - Base, Bouillion",936,Ruble,b,43
402,Salt - Sea,625,Yuan Renminbi,d,83
403,"Pail - 15l White, With Handle",454,Dong,b,95
404,"Lid - 10,12,16 Oz",562,Sol,d,44
405,Strawberries - California,803,Yuan Renminbi,d,90
406,"Pork - Butt, Boneless",782,Ruble,d,10
407,Irish Cream - Baileys,246,Shekel,b,77
408,"Wine - Red, Mosaic Zweigelt",766,Marka,a,89
409,Bulgar,478,Tenge,c,66
410,Apples - Spartan,509,Peso,a,84
411,Ocean Spray - Kiwi Strawberry,561,Euro,a,64
412,"Lobster - Tail, 3 - 4 Oz",547,Ruble,b,10
413,Rappini - Andy Boy,747,Franc,a,67
414,Cinnamon - Ground,520,Afghani,d,82
415,Wine - Sicilia Igt Nero Avola,439,Rupiah,d,3
416,Haggis,400,Euro,c,76
417,Pizza Pizza Dough,869,Yuan Renminbi,c,37
418,Urban Zen Drinks,635,Yuan Renminbi,d,75
419,Soup Campbells Turkey Veg.,212,Yuan Renminbi,a,94
420,Mackerel Whole Fresh,147,Zloty,a,59
421,Monkfish Fresh - Skin Off,162,Hryvnia,b,67
422,Truffle Shells - Semi - Sweet,121,Peso,a,98
423,"7up Diet, 355 Ml",512,Kuna,d,38
424,"Napkin - Beverge, White 2 - Ply",697,Dong,b,97
425,Icecream - Dstk Strw Chseck,922,Yuan Renminbi,b,91
426,"Lamb - Leg, Boneless",151,Rupee,d,7
427,Ice Cream Bar - Drumstick,557,Dong,a,50
428,"Sauce - Black Current, Dry Mix",374,Sol,a,44
429,Miso Paste White,707,Peso,a,60
430,Yogurt - Plain,696,Lek,a,46
431,Sauce - Plum,760,Baht,a,17
432,Table Cloth 120 Round White,885,Ariary,c,76
433,Oil - Hazelnut,423,Euro,a,90
434,Cookies Oatmeal Raisin,971,Koruna,a,61
435,Juice Peach Nectar,835,Krone,b,24
436,Mint - Fresh,195,Dong,d,68
437,Dried Figs,754,Yuan Renminbi,a,28
438,Ice Cream - Vanilla,382,Ruble,d,9
439,Dried Cherries,477,Ruble,a,2
440,"Tea - Darjeeling, Azzura",913,Yuan Renminbi,b,84
441,"Cheese - Manchego, Spanish",807,Peso,c,24
442,Wine - Sogrape Mateus Rose,272,Rupiah,d,33
443,Pastry - Lemon Danish - Mini,682,Dollar,a,30
444,Soup - Campbells Mac N Cheese,498,Rupiah,b,23
445,Beef - Top Sirloin - Aaa,557,Dinar,b,89
446,Amarula Cream,144,Lek,a,47
447,Wine - Tribal Sauvignon,655,Pula,d,84
448,Beef - Salted,467,Yuan Renminbi,a,5
449,Chivas Regal - 12 Year Old,163,Krona,d,10
450,"Flour - Bran, Red",653,Peso,b,50
451,Creamers - 10%,746,Euro,b,45
452,Orange - Blood,843,Euro,a,34
453,Lettuce - Boston Bib - Organic,250,Yen,b,32
454,Coffee - Flavoured,663,Peso,a,44
455,Foil Wrap,936,Lek,b,31
456,Olives - Nicoise,870,Rupiah,d,12
457,Tobasco Sauce,734,Dirham,c,54
458,Potatoes - Peeled,342,Real,b,12
459,Chips Potato Swt Chilli Sour,682,Ringgit,b,53
460,Shrimp - Prawn,143,Taka,d,34
461,Salami - Genova,464,Tugrik,a,23
462,Hersey Shakes,413,Rupiah,a,7
463,Straws - Cocktale,956,Yuan Renminbi,b,58
464,Wine - Cave Springs Dry Riesling,932,Peso,a,65
465,Garam Marsala,567,Euro,d,73
466,Bag - Regular Kraft 20 Lb,569,Manat,d,23
467,Appetizer - Mushroom Tart,121,Won,a,11
468,Beets - Pickled,310,Koruna,a,37
469,Ginger - Fresh,330,Rupiah,b,87
470,Cornflakes,181,Manat,c,8
471,Pastry - Chocolate Chip Muffin,818,Yuan Renminbi,d,41
472,Plums - Red,578,Yuan Renminbi,a,0
473,Coffee Decaf Colombian,466,Ruble,d,7
474,"Garlic - Primerba, Paste",415,Peso,a,29
475,Caviar - Salmon,113,Yuan Renminbi,d,69
476,Chef Hat 20cm,103,Zloty,c,56
477,Mushroom - Porcini Frozen,514,Peso,d,63
478,Wine - Barossa Valley Estate,862,Ruble,c,59
479,Flour Dark Rye,145,Yuan Renminbi,b,61
480,"Tomatoes - Cherry, Yellow",787,Peso,c,88
481,"Oranges - Navel, 72",558,Dollar,a,30
482,Compound - Passion Fruit,780,Euro,a,43
483,"Apple - Delicious, Golden",946,Zloty,c,76
484,"Dill - Primerba, Paste",165,Euro,d,64
485,Bread - Mini Hamburger Bun,165,Euro,c,62
486,Appetizer - Veg Assortment,745,Zloty,d,84
487,"Salmon - Smoked, Sliced",762,Yuan Renminbi,c,83
488,Flour - Rye,397,Shilling,c,18
489,Red Currant Jelly,733,Yuan Renminbi,a,23
490,Coffee Cup 12oz 5342cd,613,Peso,b,79
491,"Mushroom - Porcini, Dry",777,Koruna,d,54
492,Crush - Cream Soda,901,Euro,c,80
493,Ecolab - Ster Bac,382,Dram,d,91
494,Meldea Green Tea Liquor,791,Real,a,52
495,"Juice - Orange, 341 Ml",358,Yuan Renminbi,a,96
496,Dried Cranberries,188,Rupiah,d,11
497,Ginger - Pickled,655,Lempira,c,89
498,Soup - Campbells Pasta Fagioli,401,Euro,d,35
499,Beans - Yellow,569,Yuan Renminbi,a,85
500,Sea Bass - Fillets,100,Yuan Renminbi,d,72
501,Evaporated Milk - Skim,771,Euro,c,21
502,Hipnotiq Liquor,616,Krona,d,51
503,Steampan - Half Size Shallow,846,Dollar,b,42
504,Lobak,703,Kuna,c,87
505,Croissants Thaw And Serve,973,Balboa,c,13
506,"Sauce - Gravy, Au Jus, Mix",805,Real,b,27
507,"Octopus - Baby, Cleaned",930,Rupiah,a,3
508,Wine - Pinot Noir Stoneleigh,750,Hryvnia,c,23
509,Pastry - Chocolate Chip Muffin,122,Yen,c,25
510,Chives - Fresh,716,Rial,d,41
511,Bread - 10 Grain Parisian,817,Yuan Renminbi,a,49
512,"Pasta - Penne Primavera, Single",540,Sol,a,50
513,Chinese Foods - Chicken,577,Ruble,d,92
514,Wine - Marlbourough Sauv Blanc,473,Euro,d,95
515,Cardamon Ground,695,Yuan Renminbi,a,42
516,Wine - Pinot Noir Mondavi Coastal,480,Euro,c,21
517,Ham Black Forest,422,Yuan Renminbi,c,69
518,Crab - Meat Combo,993,Rand,d,93
519,Flour - Teff,665,Yuan Renminbi,d,21
520,Lettuce - Green Leaf,423,Pound,c,83
521,Chick Peas - Dried,813,Zloty,b,85
522,Pepper - Red Bell,430,Peso,b,69
523,Sugar - Monocystal / Rock,328,Kuna,d,43
524,Ice Cream - Life Savers,372,Ruble,b,54
525,Vaccum Bag 10x13,201,Balboa,b,73
526,Garlic - Peeled,401,Rupiah,b,67
527,Chocolate - Sugar Free Semi Choc,971,Pound,c,50
528,"Split Peas - Yellow, Dry",791,Yuan Renminbi,b,9
529,"Pepper - Paprika, Hungarian",132,Rupiah,d,62
530,Beans - Fava Fresh,574,Rupiah,a,32
531,Uniform Linen Charge,921,Yuan Renminbi,b,85
532,"Cake Circle, Paprus",975,Yuan Renminbi,d,55
533,Mix - Cocktail Ice Cream,716,Ringgit,a,40
534,"Pasta - Rotini, Dry",923,Yuan Renminbi,c,94
535,Olives - Nicoise,348,Peso,a,93
536,Kellogs Special K Cereal,394,Yuan Renminbi,a,33
537,"Arctic Char - Fresh, Whole",948,Rupiah,b,53
538,Chocolate Liqueur - Godet White,777,Ruble,a,8
539,Lamb Shoulder Boneless Nz,655,Kuna,a,42
540,Yukon Jack,788,Yuan Renminbi,c,76
541,Blackberries,784,Dollar,c,69
542,Aspic - Amber,788,Ruble,a,32
543,Appetizer - Veg Assortment,558,Naira,a,46
544,Flour - All Purpose,509,Hryvnia,a,95
545,Bread - Kimel Stick Poly,260,Yuan Renminbi,d,96
546,Pears - Anjou,266,Yuan Renminbi,a,55
547,Lobster - Tail 6 Oz,250,Rupiah,b,11
548,Veal - Sweetbread,681,Baht,c,20
549,Appetizer - Crab And Brie,391,Hryvnia,a,75
550,Plastic Arrow Stir Stick,196,Lari,d,39
551,Pepper - Gypsy Pepper,180,Colon,d,25
552,Hand Towel,612,Yuan Renminbi,a,42
553,Cut Wakame - Hanawakaba,726,Rand,c,7
554,Mousse - Passion Fruit,646,Yuan Renminbi,b,66
555,Vegetable - Base,705,Euro,b,100
556,"Soup - Knorr, Veg / Beef",786,Yen,d,47
557,Sugar Thermometer,820,Yuan Renminbi,c,83
558,Wasabi Powder,610,Peso,d,32
559,Wine - Baron De Rothschild,884,Euro,a,33
560,Chicken Thigh - Bone Out,412,Yuan Renminbi,b,67
561,Cake - Box Window 10x10x2.5,754,Koruna,d,28
562,Versatainer Nc - 8288,399,Yuan Renminbi,b,83
563,Bread - Sour Batard,198,Yuan Renminbi,c,66
564,Pepper - Chilli Seeds Mild,228,Euro,c,91
565,Olives - Stuffed,328,Yuan Renminbi,c,14
566,Table Cloth 54x54 Colour,254,Leone,c,98
567,Longos - Lasagna Beef,398,Euro,a,18
568,Wine - Fontanafredda Barolo,578,Real,b,7
569,Crawfish,517,Real,a,7
570,"Sparkling Wine - Rose, Freixenet",187,Rupee,c,54
571,Trueblue - Blueberry 12x473ml,590,Yuan Renminbi,d,37
572,"Pepper - White, Whole",519,Euro,b,77
573,"Lamb - Shoulder, Boneless",659,Dinar,c,40
574,Island Oasis - Strawberry,933,Dollar,c,18
575,Peach - Halves,324,Hryvnia,d,45
576,"Flour - Corn, Fine",494,Sol,d,29
577,"Bread - Pullman, Sliced",179,Dinar,c,34
578,Cabbage - Nappa,912,Yuan Renminbi,d,20
579,Beer - Guiness,222,Real,a,46
580,Gelatine Leaves - Envelopes,924,Peso,a,90
581,Longos - Chicken Caeser Salad,130,Euro,a,93
582,"Mushroom - Porcini, Dry",572,Baht,c,23
583,Ocean Spray - Ruby Red,423,Yuan Renminbi,c,11
584,Pepper - Jalapeno,718,Krona,b,80
585,Ham - Black Forest,437,Yuan Renminbi,b,63
586,Lettuce - Arugula,427,Euro,c,52
587,Towels - Paper / Kraft,739,Krona,a,81
588,"Flour - Bran, Red",448,Dollar,d,47
589,Island Oasis - Sweet And Sour Mix,699,Yuan Renminbi,d,18
590,Pork - Ground,415,Dong,d,80
591,Rabbit - Legs,231,Pound,d,4
592,Bag Clear 10 Lb,368,Krona,a,58
593,Lettuce - Spring Mix,157,Krona,d,52
594,Chocolate Eclairs,427,Real,d,17
595,"Pepper - White, Ground",185,Shilling,a,85
596,Ham - Proscuitto,856,Rupiah,a,7
597,Kohlrabi,285,Won,d,76
598,Foam Dinner Plate,147,Rand,c,6
599,Numi - Assorted Teas,923,Rupiah,d,30
600,Lettuce - Belgian Endive,573,Denar,c,11
601,Capicola - Hot,783,Yuan Renminbi,d,21
602,Bread - Malt,868,Krona,c,37
603,Coffee Swiss Choc Almond,864,Euro,b,29
604,"Soup - Cream Of Broccoli, Dry",347,Rupiah,a,90
605,"Soup - Knorr, Chicken Noodle",475,Yuan Renminbi,c,83
606,Chef Hat 20cm,543,Euro,a,60
607,"Yogurt - Strawberry, 175 Gr",438,Rupiah,a,41
608,Red Currants,448,Yen,d,70
609,Bread - Calabrese Baguette,160,Yuan Renminbi,c,65
610,Ice Cream Bar - Drumstick,355,Euro,a,63
611,Crab - Meat Combo,898,Baht,c,66
612,"Lamb - Whole, Frozen",577,Metical,c,40
613,Cloves - Whole,357,Ruble,d,29
614,Ocean Spray - Ruby Red,634,Euro,b,6
615,"Tomatoes - Vine Ripe, Yellow",978,Marka,b,49
616,Muffin - Carrot Individual Wrap,241,Dollar,a,13
617,Dry Ice,392,Yuan Renminbi,d,91
618,"Chilli Paste, Ginger Garlic",673,Yuan Renminbi,c,53
619,Wine - Duboeuf Beaujolais,118,Pound,a,13
620,Wine - Alsace Gewurztraminer,453,Pound,b,50
621,Pepper - Red Bell,171,Yuan Renminbi,c,49
622,Chips Potato All Dressed - 43g,170,Yuan Renminbi,d,7
623,Mace,820,Yuan Renminbi,a,76
624,Island Oasis - Cappucino Mix,352,Ruble,a,88
625,Bread - Bistro Sour,542,Rupiah,b,27
626,"Tart Shells - Savory, 2",733,Euro,a,75
627,"Lamb - Shoulder, Boneless",455,Dollar,b,42
628,Coconut Milk - Unsweetened,406,Yuan Renminbi,d,30
629,Flower - Daisies,446,Ruble,a,80
630,Pastry - Raisin Muffin - Mini,563,Krona,c,49
631,"Squash - Pattypan, Yellow",850,Yuan Renminbi,c,76
632,Chickensplit Half,647,Sol,c,50
633,Nacho Chips,374,Peso,c,62
634,Nacho Chips,468,Rupiah,d,52
635,Sherry - Dry,567,Yuan Renminbi,a,87
636,Chicken Giblets,197,Real,c,24
637,"Bread - Multigrain, Loaf",527,Zloty,d,26
638,Tofu - Firm,176,Yuan Renminbi,a,16
639,Tart - Pecan Butter Squares,268,Yuan Renminbi,b,69
640,Rice - Brown,711,Dollar,c,40
641,"Pasta - Fusili, Dry",792,Ruble,c,78
642,Pasta - Fusili Tri - Coloured,921,Rupiah,d,85
643,Oranges,952,Won,a,10
644,Black Currants,544,Yuan Renminbi,a,23
645,Sauce - Cranberry,423,Yuan Renminbi,d,89
646,Steam Pan Full Lid,567,Peso,a,24
647,Sauce - Hollandaise,574,Zloty,a,60
648,Lettuce - Escarole,600,Dollar,d,46
649,"Shrimp - 16/20, Peeled Deviened",382,Peso,d,82
650,Sauce - Cranberry,999,Euro,c,23
651,Vinegar - White,914,Dinar,c,66
652,Cornish Hen,675,Ruble,c,93
653,"Pasta - Elbows, Macaroni, Dry",939,Ruble,d,59
654,Taro Root,740,Real,d,84
655,Soap - Mr.clean Floor Soap,361,Yuan Renminbi,d,100
656,Wild Boar - Tenderloin,908,Peso,a,63
657,Sprouts - Pea,261,Yuan Renminbi,d,56
658,Turkey - Oven Roast Breast,682,Yuan Renminbi,c,33
659,Cornstarch,660,Yuan Renminbi,b,45
660,"Veal - Round, Eye Of",478,Rupiah,c,67
661,Syrup - Monin - Passion Fruit,606,Rupiah,c,83
662,Wine - Duboeuf Beaujolais,702,Peso,b,33
663,Sauce - Balsamic Viniagrette,751,Dirham,c,2
664,Beef - Sushi Flat Iron Steak,873,Ruble,b,94
665,Pumpkin,925,Dollar,d,58
666,Lemonade - Pineapple Passion,962,Rupiah,d,69
667,"Pepper - White, Ground",116,Yuan Renminbi,b,64
668,Tomatoes,417,Yuan Renminbi,b,46
669,Pork - Suckling Pig,752,Dollar,c,82
670,Chocolate Bar - Smarties,734,Sol,c,63
671,Napkin White - Starched,372,Rupiah,c,25
672,Rye Special Old,104,Peso,a,62
673,"Soup - Knorr, Country Bean",698,Rial,d,0
674,Tuna - Salad Premix,160,Yuan Renminbi,c,44
675,Island Oasis - Ice Cream Mix,591,Real,a,45
676,Oxtail - Cut,451,Kwanza,d,5
677,Bagelers,306,Dollar,a,18
678,Milk - Homo,534,Yuan Renminbi,d,23
679,Pike - Frozen Fillet,511,Rupiah,a,24
680,"Tomatoes - Diced, Canned",423,Peso,b,59
681,Nantucket - Orange Mango Cktl,240,Euro,d,27
682,Bamboo Shoots - Sliced,699,Zloty,d,63
683,"Tuna - Canned, Flaked, Light",135,Yuan Renminbi,d,86
684,Wine - Prosecco Valdobiaddene,683,Yen,d,99
685,Cheese - Asiago,486,Yuan Renminbi,b,70
686,Star Fruit,142,Rupiah,a,91
687,"Wine - White, Riesling, Henry Of",634,Baht,a,2
688,"Nut - Almond, Blanched, Ground",816,Yuan Renminbi,d,96
689,Wine - Maipo Valle Cabernet,465,Koruna,d,57
690,Juice - Ocean Spray Kiwi,123,Somoni,a,69
691,Straws - Cocktale,904,Euro,d,31
692,"Peas - Pigeon, Dry",467,Yuan Renminbi,b,48
693,Pea - Snow,325,Kwacha,d,61
694,Beef Flat Iron Steak,545,Yuan Renminbi,d,53
695,Sauce - Chili,349,Zloty,c,64
696,"Doilies - 5, Paper",443,Rupiah,d,6
697,Spice - Onion Powder Granulated,194,Yuan Renminbi,d,25
698,Sugar - White Packet,364,Manat,b,34
699,"Pasta - Fettuccine, Egg, Fresh",157,Rupiah,d,34
700,Evaporated Milk - Skim,821,Peso,a,86
701,Chips Potato All Dressed - 43g,379,Yuan Renminbi,a,73
702,Beef Wellington,874,Ruble,b,7
703,Pan Grease,988,Lari,d,73
704,Pastry - Trippleberry Muffin - Mini,245,Rial,b,7
705,Spring Roll Veg Mini,358,Baht,d,73
706,Foam Dinner Plate,195,Yuan Renminbi,c,21
707,Pail For Lid 1537,219,Dollar,a,1
708,Onions - Cooking,377,Tenge,b,54
709,Lamb Leg - Bone - In Nz,620,Yuan Renminbi,b,57
710,Kahlua,634,Dollar,c,35
711,Maintenance Removal Charge,408,Yuan Renminbi,d,17
712,Shopper Bag - S - 4,307,Rupiah,a,95
713,Potatoes - Idaho 80 Count,208,Euro,c,49
714,Oil - Sunflower,180,Yuan Renminbi,b,13
715,"Nut - Pecan, Halves",865,Kyat,c,99
716,"Glass - Wine, Plastic, Clear 5 Oz",789,Peso,c,45
717,"Pasta - Bauletti, Chicken White",325,Rupiah,b,74
718,Beef - Montreal Smoked Brisket,848,Yuan Renminbi,b,78
719,Pork Loin Cutlets,732,Dollar,c,83
720,Eggwhite Frozen,951,Yuan Renminbi,b,10
721,Pomegranates,278,Dollar,b,83
722,"Sauce - Bernaise, Mix",588,Peso,d,6
723,Cumin - Ground,169,Quetzal,d,46
724,Gatorade - Orange,729,Tugrik,b,2
725,Puree - Kiwi,126,Dinar,c,69
726,Soup - Campbells Asian Noodle,644,Peso,d,38
727,Muffin Mix - Blueberry,219,Rupiah,d,78
728,Shrimp - Black Tiger 13/15,923,Ruble,d,50
729,"Beef - Kindney, Whole",533,Zloty,a,4
730,"Mushroom - Enoki, Fresh",790,Baht,d,57
731,"Pasta - Linguini, Dry",520,Koruna,c,92
732,Calypso - Pineapple Passion,603,Sol,b,10
733,Chocolate - Mi - Amere Semi,856,Ruble,b,45
734,Beef - Tender Tips,749,Yuan Renminbi,c,86
735,"Crab - Back Fin Meat, Canned",735,Dong,a,11
736,Red Pepper Paste,169,Baht,a,21
737,Wine - Chablis 2003 Champs,154,Real,b,60
738,"Yogurt - Strawberry, 175 Gr",778,Ruble,b,0
739,Tea - Grapefruit Green Tea,1000,Krone,c,94
740,"Soup - Campbells, Cream Of",865,Forint,d,47
741,"Beans - Long, Chinese",255,Ruble,d,92
742,Alize Red Passion,279,Gourde,b,54
743,Lemon Balm - Fresh,519,Ariary,b,54
744,Bay Leaf Ground,210,Yuan Renminbi,a,43
745,"Stock - Veal, Brown",564,Rupiah,c,28
746,Gelatine Powder,155,Euro,b,96
747,Wine - Soave Folonari,936,Rupiah,d,6
748,Parsley Italian - Fresh,709,Yen,d,67
749,Chocolate - Milk Coating,596,Koruna,d,84
750,Wine - Peller Estates Late,565,Yuan Renminbi,a,11
751,Devonshire Cream,101,Rupiah,c,7
752,Absolut Citron,211,Yen,d,68
753,Soup Campbells Beef With Veg,625,Litas,c,93
754,Flour - Strong Pizza,722,Yuan Renminbi,b,12
755,Muffin Batt - Ban Dream Zero,863,Yuan Renminbi,c,38
756,Cake - Mini Cheesecake,214,Rupiah,a,24
757,Pastry - Butterscotch Baked,953,Yuan Renminbi,c,40
758,Sprite - 355 Ml,630,Rupiah,c,64
759,"Red Snapper - Fillet, Skin On",960,Yuan Renminbi,a,4
760,Icecream - Dstk Super Cone,615,Peso,c,17
761,Dc Hikiage Hira Huba,458,Tenge,c,5
762,Sage Ground Wiberg,348,Yen,a,70
763,Sobe - Liz Blizz,796,Peso,d,18
764,"Pasta - Tortellini, Fresh",325,Koruna,a,88
765,Berry Brulee,465,Yuan Renminbi,d,26
766,"Fish - Soup Base, Bouillon",480,Rupiah,b,89
767,Lamb - Shoulder,403,Dong,b,61
768,Beef - Eye Of Round,386,Peso,b,17
769,Tandoori Curry Paste,813,Tenge,b,100
770,Chicken Breast Wing On,434,Yuan Renminbi,d,93
771,"Brandy - Orange, Mc Guiness",316,Peso,a,72
772,Ecolab - Ster Bac,548,Yuan Renminbi,d,24
773,Salt And Pepper Mix - Black,297,Krone,c,90
774,"Salmon - Whole, 4 - 6 Pounds",742,Rupiah,d,79
775,"Potatoes - Instant, Mashed",615,Dollar,c,76
776,"Butter - Salted, Micro",424,Shilling,b,12
777,Beef - Cow Feet Split,979,Rupiah,a,23
778,Rice - Sushi,464,Real,b,27
779,Wine - Pinot Grigio Collavini,799,Dinar,b,96
780,Dr. Pepper - 355ml,878,Shekel,d,6
781,Liqueur - Melon,586,Pound,b,61
782,"Cherries - Maraschino,jar",757,Euro,d,56
783,Ecolab - Balanced Fusion,368,Koruna,a,49
784,Table Cloth 81x81 White,849,Won,c,63
785,Jameson Irish Whiskey,382,Ruble,c,74
786,Yoplait - Strawbrasp Peac,535,Rupiah,c,35
787,"Cheese - Boursin, Garlic / Herbs",706,Rupiah,b,83
788,Cotton Wet Mop 16 Oz,693,Yuan Renminbi,d,3
789,Cheese - Gouda Smoked,230,Yuan Renminbi,b,61
790,Yeast Dry - Fleischman,162,Rupiah,d,1
791,Pork Casing,999,Real,a,67
792,Dip - Tapenade,774,Koruna,a,51
793,Pork Salted Bellies,252,Baht,a,66
794,Pails With Lids,873,Dinar,d,75
795,Baking Soda,227,Yuan Renminbi,c,20
796,Foam Cup 6 Oz,220,Sol,c,30
797,Wine - Cotes Du Rhone Parallele,390,Real,b,69
798,"Wine - Red, Harrow Estates, Cab",982,Yuan Renminbi,c,65
799,Bread - Rye,800,Peso,a,71
800,"Vermacelli - Sprinkles, Assorted",103,Krona,b,93
801,"Beans - Black Bean, Preserved",209,Rupiah,d,83
802,Berry Brulee,839,Yuan Renminbi,b,5
803,Tamarind Paste,933,Zloty,c,44
804,Bread - Kimel Stick Poly,397,Dollar,b,18
805,Glaze - Clear,367,Ruble,a,46
806,Wine - Delicato Merlot,330,Peso,b,86
807,Tomatillo,361,Ruble,a,58
808,Lobak,469,Sol,a,5
809,"Pesto - Primerba, Paste",352,Yuan Renminbi,a,71
810,Straws - Cocktale,634,Peso,c,88
811,Mussels - Frozen,407,Yuan Renminbi,d,76
812,Chicken Giblets,672,Yuan Renminbi,d,15
813,Veal - Insides Provini,558,Peso,a,6
814,"Beans - Black Bean, Preserved",166,Yuan Renminbi,d,77
815,Cheese - Goat,370,Yen,d,64
816,Cheese - Grana Padano,525,Real,c,10
817,Cloves - Ground,846,Baht,a,33
818,"Beef - Rib Roast, Cap On",964,Yuan Renminbi,d,69
819,Beef Ground Medium,797,Dollar,b,38
820,"Lamb - Whole Head Off,nz",992,Euro,c,62
821,Soup - Boston Clam Chowder,214,Peso,b,2
822,Juice - Orangina,205,Yuan Renminbi,b,5
823,"Soup - Campbells, Creamy",365,Rupiah,b,81
824,Wine - Soave Folonari,193,Sol,d,42
825,Extract Vanilla Pure,332,Pound,d,14
826,"Oranges - Navel, 72",132,Sol,a,98
827,Flour - Cake,757,Krona,a,56
828,Pork - Smoked Kassler,889,Naira,d,58
829,Cheese - Pied De Vents,598,Real,a,19
830,Bread - Mini Hamburger Bun,978,Ruble,d,82
831,Wine - Baron De Rothschild,110,Rupiah,b,85
832,Icecream - Dstk Super Cone,643,Dinar,b,92
833,Carrots - Mini Red Organic,456,Yuan Renminbi,c,87
834,"Artichokes - Knobless, White",734,Euro,b,99
835,Tea - Herbal Sweet Dreams,421,Kuna,c,94
836,Fiddlehead - Frozen,509,Peso,a,11
837,"Pork - Back, Short Cut, Boneless",603,Rupiah,b,21
838,"Loaf Pan - 2 Lb, Foil",702,Yuan Renminbi,d,74
839,Sprouts - China Rose,689,Tugrik,c,60
840,"Appetizer - Mini Egg Roll, Shrimp",829,Yuan Renminbi,b,10
841,Flour - Whole Wheat,319,Yuan Renminbi,d,28
842,"Pork - Back, Short Cut, Boneless",803,Rupee,c,15
843,Juice Peach Nectar,593,Peso,d,14
844,Salmon Atl.whole 8 - 10 Lb,736,Zloty,a,98
845,Flour - All Purpose,878,Real,b,93
846,Longos - Assorted Sandwich,616,Ruble,c,39
847,"Chicken - Thigh, Bone In",327,Afghani,a,43
848,"Gingerale - Schweppes, 355 Ml",790,Yuan Renminbi,c,23
849,Skirt - 29 Foot,703,Dollar,a,53
850,Southern Comfort,594,Peso,d,11
851,Gatorade - Fruit Punch,833,Sol,a,41
852,"Wine - White, French Cross",784,Krona,b,28
853,"Beef - Baby, Liver",959,Peso,b,56
854,Coffee Caramel Biscotti,776,Yuan Renminbi,c,90
855,Sauce - Soy Low Sodium - 3.87l,313,Real,d,90
856,"Gin - Gilbeys London, Dry",642,Ruble,d,79
857,Pear - Halves,323,Rupee,a,51
858,Veal - Insides Provini,999,Euro,a,48
859,Cheese - Le Cru Du Clocher,447,Dollar,c,45
860,Soap - Hand Soap,269,Peso,a,84
861,"Cheese - Mozzarella, Buffalo",470,Hryvnia,c,90
862,Salt - Kosher,720,Yuan Renminbi,c,68
863,Oil - Grapeseed Oil,328,Peso,a,97
864,Wine - Marlbourough Sauv Blanc,301,Pound,a,100
865,Wine - Chardonnay Mondavi,174,Marka,a,45
866,Ecolab - Hobart Upr Prewash Arm,988,Rupiah,d,89
867,Pork Salted Bellies,974,Yuan Renminbi,d,16
868,Cookies - Assorted,624,Real,c,4
869,Lobster - Canned Premium,550,Rupiah,c,24
870,"Soup - Knorr, French Onion",312,Zloty,c,95
871,"Sole - Dover, Whole, Fresh",488,Lek,a,25
872,Sauce - Hoisin,830,Yuan Renminbi,a,18
873,Cleaner - Lime Away,443,Euro,b,23
874,"Pasta - Cannelloni, Sheets, Fresh",540,Peso,d,90
875,Extract - Almond,983,Peso,c,27
876,Lettuce - Lolla Rosa,179,Rupiah,b,54
877,"Cheese - Havarti, Roasted Garlic",479,Dollar,a,13
878,Amarula Cream,498,Euro,b,60
879,"Soup - Campbells, Lentil",988,Yuan Renminbi,c,86
880,Sausage - Andouille,118,Rial,c,82
881,"Pepper - Julienne, Frozen",412,Peso,a,44
882,Cornstarch,810,Koruna,a,67
883,Plasticknivesblack,105,Rupee,c,77
884,Lotus Rootlets - Canned,455,Euro,c,72
885,Sun - Dried Tomatoes,751,Real,c,89
886,Soup - Campbells Broccoli,120,Yuan Renminbi,c,97
887,"Cheese - Brie, Triple Creme",706,Euro,d,92
888,Garlic,310,Yuan Renminbi,a,24
889,Thermometer Digital,576,Yuan Renminbi,b,54
890,Hog / Sausage Casing - Pork,910,Euro,d,23
891,Dehydrated Kelp Kombo,278,Yuan Renminbi,a,73
892,Bar Mix - Lime,243,Rial,b,22
893,Tray - 12in Rnd Blk,971,Shilling,d,31
894,Soup - Campbells Beef Stew,848,Naira,d,86
895,"Veal - Brisket, Provimi,bnls",411,Koruna,d,27
896,"Oil - Shortening,liqud, Fry",761,Rupiah,d,11
897,Pastry - Plain Baked Croissant,497,Rupiah,b,10
898,"Cheese - Cheddar, Mild",936,Ruble,d,0
899,Muffin Mix - Corn Harvest,114,Zloty,a,25
900,Flour - Strong Pizza,804,Tugrik,b,33
901,Tomatoes - Heirloom,574,Guarani,c,79
902,"Wine - Mas Chicet Rose, Vintage",302,Zloty,c,7
903,Ginger - Fresh,707,Balboa,b,77
904,Bar - Sweet And Salty Chocolate,480,Yuan Renminbi,c,46
905,"Dill - Primerba, Paste",829,Won,d,2
906,"Wine - Red, Pelee Island Merlot",882,Yuan Renminbi,b,96
907,Coffee Swiss Choc Almond,534,Dinar,a,42
908,Bread - Wheat Baguette,110,Dinar,c,95
909,Lemonade - Pineapple Passion,232,Yuan Renminbi,b,79
910,Sobe - Green Tea,846,Euro,c,93
911,Chervil - Fresh,125,Rial,a,42
912,Salmon - Canned,910,Euro,c,41
913,Cookies Oatmeal Raisin,869,Peso,c,52
914,Tia Maria,198,Pound,c,32
915,Cream Of Tartar,606,Yuan Renminbi,a,1
916,Ecolab - Hobart Washarm End Cap,179,Yuan Renminbi,b,66
917,Crackers - Graham,164,Ruble,b,89
918,"Doilies - 5, Paper",466,Peso,d,55
919,"Capon - Breast, Wing On",213,Bolivar,c,3
920,Table Cloth 62x120 Colour,826,Yuan Renminbi,c,79
921,"Wine - Saint - Bris 2002, Sauv",309,Peso,a,95
922,Cheese - Montery Jack,987,Ruble,c,83
923,Arizona - Green Tea,570,Euro,c,48
924,Containter - 3oz Microwave Rect.,384,Dollar,a,97
925,Gloves - Goldtouch Disposable,189,Sol,a,35
926,"Bread - Pita, Mini",338,Shilling,c,77
927,Pepper - Gypsy Pepper,378,Rial,d,73
928,Passion Fruit,715,Peso,c,71
929,Cheese - Cheddar With Claret,334,Dollar,d,41
930,Ocean Spray - Ruby Red,200,Dollar,d,24
931,"Soup - Campbells, Spinach Crm",714,Ringgit,b,59
932,Pastry - Butterscotch Baked,594,Dollar,a,88
933,Wine - Ice Wine,585,Peso,a,62
934,Wine - Mondavi Coastal Private,865,Euro,d,20
935,"Lamb - Whole, Fresh",487,Peso,d,55
936,"Wine - White, Gewurtzraminer",792,Euro,d,55
937,Wine - Placido Pinot Grigo,206,Rupiah,d,45
938,Lettuce - Romaine,851,Peso,d,72
939,Bagel - 12 Grain Preslice,677,Ruble,b,0
940,Beef - Diced,990,Dollar,a,70
941,Cheese - Mozzarella,250,Peso,a,56
942,Lobster - Live,100,Dollar,a,53
943,Red Cod Fillets - 225g,788,Rupiah,d,59
944,Sobe - Lizard Fuel,129,Dong,d,7
945,Mikes Hard Lemonade,506,Euro,d,63
946,Pastry - Apple Muffins - Mini,360,Baht,b,12
947,Appetizer - Asian Shrimp Roll,769,Yuan Renminbi,d,36
948,Syrup - Chocolate,825,Real,a,19
949,Potatoes - Mini Red,164,Real,c,18
950,Jello - Assorted,226,Dram,b,21
951,Isomalt,201,Ruble,b,52
952,Icecream - Dstk Super Cone,954,Baht,b,23
953,"Pasta - Fusili, Dry",180,Yuan Renminbi,a,92
954,Potatoes - Pei 10 Oz,461,Peso,c,56
955,"Artichoke - Bottom, Canned",100,Rupiah,a,10
956,"Wine - White, Mosel Gold",244,Dong,d,40
957,Puff Pastry - Slab,878,Ruble,c,88
958,Olive - Spread Tapenade,145,Peso,c,82
959,"Cake Circle, Foil, Scallop",879,Yuan Renminbi,a,58
960,"Wine - White, Riesling, Henry Of",783,Baht,a,91
961,"Doilies - 12, Paper",899,Dollar,d,37
962,Amaretto,888,Yuan Renminbi,c,86
963,Bread - Rosemary Focaccia,559,Yuan Renminbi,a,75
964,Caviar - Salmon,331,Yuan Renminbi,a,27
965,Taro Leaves,773,Peso,b,1
966,Venison - Racks Frenched,794,Rial,d,3
967,"Wine - White, Schroder And Schyl",736,Yuan Renminbi,d,49
968,"Wine - White, Ej",278,Dinar,d,66
969,Cod - Black Whole Fillet,948,Rupiah,d,82
970,Cups 10oz Trans,155,Shilling,b,45
971,Mussels - Frozen,690,Dollar,a,75
972,"Beef - Rib Roast, Cap On",386,Yuan Renminbi,a,69
973,Carbonated Water - Cherry,891,Rupiah,b,90
974,Salmon Steak - Cohoe 6 Oz,642,Dalasi,d,60
975,"Lemonade - Black Cherry, 591 Ml",858,Yuan Renminbi,c,52
976,"Wine - White, Chardonnay",682,Dirham,b,20
977,"Tortillas - Flour, 12",650,Euro,d,52
978,Lychee - Canned,213,Tenge,d,4
979,Apple - Northern Spy,261,Sol,a,36
980,Dried Peach,504,Tugrik,c,73
981,"Soup - Knorr, Country Bean",507,Yuan Renminbi,a,90
982,Bananas,960,Hryvnia,c,97
983,"Napkin - Cocktail,beige 2 - Ply",573,Yuan Renminbi,b,88
984,Rambutan,203,Manat,a,38
985,"Soup - Knorr, French Onion",726,Euro,c,68
986,"Stock - Chicken, White",897,Euro,c,46
987,"Lamb - Whole, Fresh",698,Dinar,c,46
988,Dragon Fruit,615,Won,d,79
989,"Bread - Sticks, Thin, Plain",419,Euro,c,98
990,Melon - Honey Dew,780,Krona,c,92
991,"Soup - Campbells, Chix Gumbo",857,Peso,c,83
992,Cookies - Englishbay Chochip,620,Peso,a,64
993,Yeast Dry - Fleischman,653,Euro,b,85
994,Calvados - Boulard,927,Yuan Renminbi,d,41
995,Corn Meal,839,Rupee,b,5
996,Wine - Guy Sage Touraine,793,Rupiah,b,11
997,Wine - Coteaux Du Tricastin Ac,618,Yuan Renminbi,d,76
998,Soup - Campbells Chili,445,Rupiah,b,17
999,Wine - Chenin Blanc K.w.v.,441,Hryvnia,b,25
1000,Dill Weed - Fresh,438,Sol,b,15
